date,advice
2025-04-22,"Trade worries for marbles, because perspective grows sideways."
2025-04-23,"Juggle invisible pancakes, because small steps spoil the staircase."
2025-04-24,"Keep a spoonful of thunder, until nonsense feels like truth."
2025-04-25,"Salute every lamppost, for chaos is a good dance partner."
2025-04-26,"Tap dance on silence, for the universe loves improv."
2025-04-27,"Blink at worries till they blush, until ordinary looks magical."
2025-04-28,"Sing off‑key to fear, before the kettle forgets to sing."
2025-04-29,"Sketch plans on fog, before the kettle forgets to sing."
2025-04-30,"Offer tea to your doubts, because small steps spoil the staircase."
2025-05-01,"Plant dreams in teacups, — balance teaches by wobbling."
2025-05-02,"Blink twice at the moon, because questions taste better than answers."
2025-05-03,"Tap dance on silence, before the kettle forgets to sing."
2025-05-04,"Juggle invisible pancakes, for chaos is a good dance partner."
2025-05-05,"Store courage in pockets, until silence nods approvingly."
2025-05-06,"Sip wisdom from puddles, and gravity will applaud."
2025-05-07,"Juggle invisible pancakes, until nonsense feels like truth."
2025-05-08,"Whistle at your shadow, before the kettle forgets to sing."
2025-05-09,"Plant dreams in teacups, for the universe loves improv."
2025-05-10,"Compliment a pigeon loudly, before logic wakes up."
2025-05-11,"Keep a spoonful of thunder, — balance teaches by wobbling."
2025-05-12,"Whistle at your shadow, and the night owl marks attendance."
2025-05-13,"Blink at worries till they blush, because perspective grows sideways."
2025-05-14,"Hug a thought then let go, and the night owl marks attendance."
2025-05-15,"Sing off‑key to fear, until nonsense feels like truth."
2025-05-16,"Balance a spoon on destiny, and gravity will applaud."
2025-05-17,"Blink twice at the moon, for patience grows in odd soil."
2025-05-18,"Polish yesterday's mistakes, because perspective grows sideways."
2025-05-19,"Whistle at your shadow, for chaos is a good dance partner."
2025-05-20,"Hug a thought then let go, and luck might wink back."
2025-05-21,"Hug a thought then let go, for wisdom hides in the echoes."
2025-05-22,"Count clouds backwards, because small steps spoil the staircase."
2025-05-23,"Hug a thought then let go, for patience grows in odd soil."
2025-05-24,"Balance a spoon on destiny, because perspective grows sideways."
2025-05-25,"Compliment a pigeon loudly, — balance teaches by wobbling."
2025-05-26,"Polish yesterday's mistakes, for chaos is a good dance partner."
2025-05-27,"Blink twice at the moon, so tomorrow fits better."
2025-05-28,"Sketch plans on fog, before logic wakes up."
2025-05-29,"Sketch plans on fog, for wisdom hides in the echoes."
2025-05-30,"Trade worries for marbles, and the night owl marks attendance."
2025-05-31,"Whistle at your shadow, for the universe loves improv."
2025-06-01,"Tap dance on silence, until ordinary looks magical."
2025-06-02,"Store courage in pockets, for chaos is a good dance partner."
2025-06-03,"Balance a spoon on destiny, until silence nods approvingly."
2025-06-04,"Juggle invisible pancakes, because perspective grows sideways."
2025-06-05,"Trade worries for marbles, before the kettle forgets to sing."
2025-06-06,"Keep a spoonful of thunder, because perspective grows sideways."
2025-06-07,"Tap dance on silence, for chaos is a good dance partner."
2025-06-08,"Sing off‑key to fear, because small steps spoil the staircase."
2025-06-09,"Plant dreams in teacups, until nonsense feels like truth."
2025-06-10,"Trade worries for marbles, and luck might wink back."
2025-06-11,"Compliment a pigeon loudly, so tomorrow fits better."
2025-06-12,"Whistle at your shadow, until silence nods approvingly."
2025-06-13,"Juggle invisible pancakes, because questions taste better than answers."
2025-06-14,"Sing off‑key to fear, so tomorrow fits better."
2025-06-15,"Plant dreams in teacups, because questions taste better than answers."
2025-06-16,"Offer tea to your doubts, because perspective grows sideways."
2025-06-17,"Count clouds backwards, so your worries forget directions."
2025-06-18,"Sing off‑key to fear, so your worries forget directions."
2025-06-19,"Store courage in pockets, for the universe loves improv."
2025-06-20,"Count clouds backwards, so tomorrow fits better."
2025-06-21,"Trade worries for marbles, and gravity will applaud."
2025-06-22,"Blink at worries till they blush, for patience grows in odd soil."
2025-06-23,"Polish yesterday's mistakes, before the kettle forgets to sing."
2025-06-24,"Store courage in pockets, because small steps spoil the staircase."
2025-06-25,"Hug a thought then let go, and gravity will applaud."
2025-06-26,"Hug a thought then let go, before logic wakes up."
2025-06-27,"Salute every lamppost, for the universe loves improv."
2025-06-28,"Keep a spoonful of thunder, and luck might wink back."
2025-06-29,"Juggle invisible pancakes, so calm can find a chair."
2025-06-30,"Hug a thought then let go, before the kettle forgets to sing."
2025-07-01,"Polish yesterday's mistakes, and gravity will applaud."
2025-07-02,"Sing off‑key to fear, because questions taste better than answers."
2025-07-03,"Tap dance on silence, before logic wakes up."
2025-07-04,"Blink twice at the moon, before logic wakes up."
2025-07-05,"Sip wisdom from puddles, and luck might wink back."
2025-07-06,"Offer tea to your doubts, before logic wakes up."
2025-07-07,"Trade worries for marbles, until ordinary looks magical."
2025-07-08,"Balance a spoon on destiny, — balance teaches by wobbling."
2025-07-09,"Balance a spoon on destiny, because questions taste better than answers."
2025-07-10,"Trade worries for marbles, because small steps spoil the staircase."
2025-07-11,"Count clouds backwards, because questions taste better than answers."
2025-07-12,"Sip wisdom from puddles, until silence nods approvingly."
2025-07-13,"Offer tea to your doubts, for chaos is a good dance partner."
2025-07-14,"Compliment a pigeon loudly, so your worries forget directions."
2025-07-15,"Count clouds backwards, for wisdom hides in the echoes."
2025-07-16,"Sip wisdom from puddles, because laughter lubricates gears of fate."
2025-07-17,"Tap dance on silence, and gravity will applaud."
2025-07-18,"Hug a thought then let go, until nonsense feels like truth."
2025-07-19,"Store courage in pockets, so calm can find a chair."
2025-07-20,"Blink twice at the moon, because laughter lubricates gears of fate."
2025-07-21,"Polish yesterday's mistakes, for patience grows in odd soil."
2025-07-22,"Tap dance on silence, so your worries forget directions."
2025-07-23,"Store courage in pockets, because questions taste better than answers."
2025-07-24,"Blink twice at the moon, for the universe loves improv."
2025-07-25,"Salute every lamppost, because perspective grows sideways."
2025-07-26,"Store courage in pockets, before logic wakes up."
2025-07-27,"Juggle invisible pancakes, until silence nods approvingly."
2025-07-28,"Offer tea to your doubts, so tomorrow fits better."
2025-07-29,"Balance a spoon on destiny, because laughter lubricates gears of fate."
2025-07-30,"Salute every lamppost, so tomorrow fits better."
2025-07-31,"Plant dreams in teacups, before the kettle forgets to sing."
2025-08-01,"Polish yesterday's mistakes, and luck might wink back."
2025-08-02,"Compliment a pigeon loudly, for wisdom hides in the echoes."
2025-08-03,"Count clouds backwards, for chaos is a good dance partner."
2025-08-04,"Blink twice at the moon, and the night owl marks attendance."
2025-08-05,"Trade worries for marbles, for wisdom hides in the echoes."
2025-08-06,"Tap dance on silence, because laughter lubricates gears of fate."
2025-08-07,"Keep a spoonful of thunder, for chaos is a good dance partner."
2025-08-08,"Tap dance on silence, until silence nods approvingly."
2025-08-09,"Plant dreams in teacups, so calm can find a chair."
2025-08-10,"Sing off‑key to fear, until silence nods approvingly."
2025-08-11,"Salute every lamppost, so calm can find a chair."
2025-08-12,"Salute every lamppost, because small steps spoil the staircase."
2025-08-13,"Keep a spoonful of thunder, so tomorrow fits better."
2025-08-14,"Plant dreams in teacups, for chaos is a good dance partner."
2025-08-15,"Polish yesterday's mistakes, for wisdom hides in the echoes."
2025-08-16,"Offer tea to your doubts, until nonsense feels like truth."
2025-08-17,"Polish yesterday's mistakes, until nonsense feels like truth."
2025-08-18,"Hug a thought then let go, because small steps spoil the staircase."
2025-08-19,"Sip wisdom from puddles, because small steps spoil the staircase."
2025-08-20,"Wear socks on your ears, for wisdom hides in the echoes."
2025-08-21,"Store courage in pockets, until ordinary looks magical."
2025-08-22,"Whistle at your shadow, before logic wakes up."
2025-08-23,"Store courage in pockets, and the night owl marks attendance."
2025-08-24,"Sip wisdom from puddles, so tomorrow fits better."
2025-08-25,"Juggle invisible pancakes, so your worries forget directions."
2025-08-26,"Salute every lamppost, until ordinary looks magical."
2025-08-27,"Salute every lamppost, because laughter lubricates gears of fate."
2025-08-28,"Wear socks on your ears, for patience grows in odd soil."
2025-08-29,"Compliment a pigeon loudly, until nonsense feels like truth."
2025-08-30,"Count clouds backwards, — balance teaches by wobbling."
2025-08-31,"Count clouds backwards, until silence nods approvingly."
2025-09-01,"Plant dreams in teacups, for patience grows in odd soil."
2025-09-02,"Blink twice at the moon, so calm can find a chair."
2025-09-03,"Sing off‑key to fear, — balance teaches by wobbling."
2025-09-04,"Polish yesterday's mistakes, so calm can find a chair."
2025-09-05,"Hug a thought then let go, because perspective grows sideways."
2025-09-06,"Trade worries for marbles, for the universe loves improv."
2025-09-07,"Wear socks on your ears, before the kettle forgets to sing."
2025-09-08,"Hug a thought then let go, for chaos is a good dance partner."
2025-09-09,"Store courage in pockets, because perspective grows sideways."
2025-09-10,"Plant dreams in teacups, and luck might wink back."
2025-09-11,"Whistle at your shadow, because perspective grows sideways."
2025-09-12,"Sing off‑key to fear, for wisdom hides in the echoes."
2025-09-13,"Tap dance on silence, because questions taste better than answers."
2025-09-14,"Balance a spoon on destiny, before logic wakes up."
2025-09-15,"Blink at worries till they blush, because questions taste better than answers."
2025-09-16,"Blink at worries till they blush, before the kettle forgets to sing."
2025-09-17,"Blink at worries till they blush, before logic wakes up."
2025-09-18,"Count clouds backwards, and luck might wink back."
2025-09-19,"Blink twice at the moon, — balance teaches by wobbling."
2025-09-20,"Balance a spoon on destiny, for the universe loves improv."
2025-09-21,"Salute every lamppost, so your worries forget directions."
2025-09-22,"Store courage in pockets, and luck might wink back."
2025-09-23,"Wear socks on your ears, and luck might wink back."
2025-09-24,"Keep a spoonful of thunder, because laughter lubricates gears of fate."
2025-09-25,"Keep a spoonful of thunder, and the night owl marks attendance."
2025-09-26,"Salute every lamppost, before the kettle forgets to sing."
2025-09-27,"Balance a spoon on destiny, for patience grows in odd soil."
2025-09-28,"Store courage in pockets, so tomorrow fits better."
2025-09-29,"Tap dance on silence, because small steps spoil the staircase."
2025-09-30,"Hug a thought then let go, because questions taste better than answers."
2025-10-01,"Wear socks on your ears, until nonsense feels like truth."
2025-10-02,"Tap dance on silence, because perspective grows sideways."
2025-10-03,"Blink at worries till they blush, and luck might wink back."
2025-10-04,"Balance a spoon on destiny, for wisdom hides in the echoes."
2025-10-05,"Balance a spoon on destiny, and luck might wink back."
2025-10-06,"Sketch plans on fog, because laughter lubricates gears of fate."
2025-10-07,"Compliment a pigeon loudly, until silence nods approvingly."
2025-10-08,"Blink at worries till they blush, for wisdom hides in the echoes."
2025-10-09,"Blink twice at the moon, for wisdom hides in the echoes."
2025-10-10,"Blink twice at the moon, because perspective grows sideways."
2025-10-11,"Sketch plans on fog, until silence nods approvingly."
2025-10-12,"Salute every lamppost, because questions taste better than answers."
2025-10-13,"Offer tea to your doubts, so calm can find a chair."
2025-10-14,"Keep a spoonful of thunder, before logic wakes up."
2025-10-15,"Count clouds backwards, because perspective grows sideways."
2025-10-16,"Plant dreams in teacups, before logic wakes up."
2025-10-17,"Wear socks on your ears, because laughter lubricates gears of fate."
2025-10-18,"Count clouds backwards, and the night owl marks attendance."
2025-10-19,"Store courage in pockets, and gravity will applaud."
2025-10-20,"Blink at worries till they blush, until silence nods approvingly."
2025-10-21,"Keep a spoonful of thunder, because questions taste better than answers."
2025-10-22,"Hug a thought then let go, — balance teaches by wobbling."
2025-10-23,"Salute every lamppost, and luck might wink back."
2025-10-24,"Juggle invisible pancakes, and gravity will applaud."
2025-10-25,"Juggle invisible pancakes, — balance teaches by wobbling."
2025-10-26,"Offer tea to your doubts, so your worries forget directions."
2025-10-27,"Whistle at your shadow, because small steps spoil the staircase."
2025-10-28,"Sketch plans on fog, for the universe loves improv."
2025-10-29,"Balance a spoon on destiny, so your worries forget directions."
2025-10-30,"Sip wisdom from puddles, so calm can find a chair."
2025-10-31,"Blink twice at the moon, for chaos is a good dance partner."
2025-11-01,"Blink at worries till they blush, for chaos is a good dance partner."
2025-11-02,"Sip wisdom from puddles, and the night owl marks attendance."
2025-11-03,"Sip wisdom from puddles, so your worries forget directions."
2025-11-04,"Wear socks on your ears, because questions taste better than answers."
2025-11-05,"Blink at worries till they blush, because small steps spoil the staircase."
2025-11-06,"Sip wisdom from puddles, — balance teaches by wobbling."
2025-11-07,"Count clouds backwards, and gravity will applaud."
2025-11-08,"Compliment a pigeon loudly, for chaos is a good dance partner."
2025-11-09,"Sing off‑key to fear, until ordinary looks magical."
2025-11-10,"Compliment a pigeon loudly, because laughter lubricates gears of fate."
2025-11-11,"Whistle at your shadow, — balance teaches by wobbling."
2025-11-12,"Salute every lamppost, until nonsense feels like truth."
2025-11-13,"Compliment a pigeon loudly, because perspective grows sideways."
2025-11-14,"Hug a thought then let go, so calm can find a chair."
2025-11-15,"Salute every lamppost, for patience grows in odd soil."
2025-11-16,"Wear socks on your ears, — balance teaches by wobbling."
2025-11-17,"Salute every lamppost, for wisdom hides in the echoes."
2025-11-18,"Hug a thought then let go, until silence nods approvingly."
2025-11-19,"Wear socks on your ears, and the night owl marks attendance."
2025-11-20,"Sing off‑key to fear, and the night owl marks attendance."
2025-11-21,"Plant dreams in teacups, until silence nods approvingly."
2025-11-22,"Sketch plans on fog, until nonsense feels like truth."
2025-11-23,"Trade worries for marbles, so tomorrow fits better."
2025-11-24,"Polish yesterday's mistakes, because laughter lubricates gears of fate."
2025-11-25,"Sip wisdom from puddles, for the universe loves improv."
2025-11-26,"Juggle invisible pancakes, and luck might wink back."
2025-11-27,"Whistle at your shadow, until nonsense feels like truth."
2025-11-28,"Blink at worries till they blush, so your worries forget directions."
2025-11-29,"Count clouds backwards, until ordinary looks magical."
2025-11-30,"Keep a spoonful of thunder, because small steps spoil the staircase."
2025-12-01,"Blink at worries till they blush, because laughter lubricates gears of fate."
2025-12-02,"Sing off‑key to fear, before logic wakes up."
2025-12-03,"Tap dance on silence, — balance teaches by wobbling."
2025-12-04,"Sip wisdom from puddles, because questions taste better than answers."
2025-12-05,"Compliment a pigeon loudly, and gravity will applaud."
2025-12-06,"Compliment a pigeon loudly, and luck might wink back."
2025-12-07,"Juggle invisible pancakes, for the universe loves improv."
2025-12-08,"Whistle at your shadow, so tomorrow fits better."
2025-12-09,"Sketch plans on fog, and gravity will applaud."
2025-12-10,"Tap dance on silence, until nonsense feels like truth."
2025-12-11,"Sing off‑key to fear, for patience grows in odd soil."
2025-12-12,"Count clouds backwards, before the kettle forgets to sing."
2025-12-13,"Wear socks on your ears, so your worries forget directions."
2025-12-14,"Trade worries for marbles, until nonsense feels like truth."
2025-12-15,"Plant dreams in teacups, because laughter lubricates gears of fate."
2025-12-16,"Sip wisdom from puddles, for chaos is a good dance partner."
2025-12-17,"Blink twice at the moon, because small steps spoil the staircase."
2025-12-18,"Polish yesterday's mistakes, for the universe loves improv."
2025-12-19,"Plant dreams in teacups, until ordinary looks magical."
2025-12-20,"Keep a spoonful of thunder, and gravity will applaud."
2025-12-21,"Store courage in pockets, so your worries forget directions."
2025-12-22,"Sing off‑key to fear, because laughter lubricates gears of fate."
2025-12-23,"Polish yesterday's mistakes, because small steps spoil the staircase."
2025-12-24,"Sketch plans on fog, because questions taste better than answers."
2025-12-25,"Wear socks on your ears, because perspective grows sideways."
2025-12-26,"Blink twice at the moon, until silence nods approvingly."
2025-12-27,"Whistle at your shadow, and luck might wink back."
2025-12-28,"Polish yesterday's mistakes, so tomorrow fits better."
2025-12-29,"Whistle at your shadow, because questions taste better than answers."
2025-12-30,"Keep a spoonful of thunder, for the universe loves improv."
2025-12-31,"Plant dreams in teacups, so tomorrow fits better."
2026-01-01,"Polish yesterday's mistakes, until silence nods approvingly."
2026-01-02,"Tap dance on silence, for patience grows in odd soil."
2026-01-03,"Polish yesterday's mistakes, — balance teaches by wobbling."
2026-01-04,"Sketch plans on fog, so tomorrow fits better."
2026-01-05,"Sing off‑key to fear, for the universe loves improv."
2026-01-06,"Sip wisdom from puddles, for patience grows in odd soil."
2026-01-07,"Plant dreams in teacups, because perspective grows sideways."
2026-01-08,"Sketch plans on fog, until ordinary looks magical."
2026-01-09,"Offer tea to your doubts, and luck might wink back."
2026-01-10,"Whistle at your shadow, until ordinary looks magical."
2026-01-11,"Salute every lamppost, and gravity will applaud."
2026-01-12,"Offer tea to your doubts, for patience grows in odd soil."
2026-01-13,"Trade worries for marbles, so calm can find a chair."
2026-01-14,"Sing off‑key to fear, and gravity will applaud."
2026-01-15,"Whistle at your shadow, because laughter lubricates gears of fate."
2026-01-16,"Wear socks on your ears, so tomorrow fits better."
2026-01-17,"Sketch plans on fog, because small steps spoil the staircase."
2026-01-18,"Count clouds backwards, for the universe loves improv."
2026-01-19,"Wear socks on your ears, before logic wakes up."
2026-01-20,"Store courage in pockets, — balance teaches by wobbling."
2026-01-21,"Count clouds backwards, for patience grows in odd soil."
2026-01-22,"Trade worries for marbles, until silence nods approvingly."
2026-01-23,"Sketch plans on fog, and luck might wink back."
2026-01-24,"Trade worries for marbles, so your worries forget directions."
2026-01-25,"Sketch plans on fog, — balance teaches by wobbling."
2026-01-26,"Blink twice at the moon, before the kettle forgets to sing."
2026-01-27,"Sketch plans on fog, for patience grows in odd soil."
2026-01-28,"Balance a spoon on destiny, for chaos is a good dance partner."
2026-01-29,"Wear socks on your ears, until silence nods approvingly."
2026-01-30,"Wear socks on your ears, for chaos is a good dance partner."
2026-01-31,"Compliment a pigeon loudly, so calm can find a chair."
2026-02-01,"Keep a spoonful of thunder, until ordinary looks magical."
2026-02-02,"Compliment a pigeon loudly, for patience grows in odd soil."
2026-02-03,"Balance a spoon on destiny, until ordinary looks magical."
2026-02-04,"Keep a spoonful of thunder, so calm can find a chair."
2026-02-05,"Compliment a pigeon loudly, because questions taste better than answers."
2026-02-06,"Hug a thought then let go, because laughter lubricates gears of fate."
2026-02-07,"Offer tea to your doubts, before the kettle forgets to sing."
2026-02-08,"Blink twice at the moon, until ordinary looks magical."
2026-02-09,"Count clouds backwards, so calm can find a chair."
2026-02-10,"Count clouds backwards, before logic wakes up."
2026-02-11,"Sip wisdom from puddles, for wisdom hides in the echoes."
2026-02-12,"Wear socks on your ears, because small steps spoil the staircase."
2026-02-13,"Keep a spoonful of thunder, for patience grows in odd soil."
2026-02-14,"Whistle at your shadow, for wisdom hides in the echoes."
2026-02-15,"Sip wisdom from puddles, before the kettle forgets to sing."
2026-02-16,"Sing off‑key to fear, so calm can find a chair."
2026-02-17,"Count clouds backwards, because laughter lubricates gears of fate."
2026-02-18,"Store courage in pockets, for patience grows in odd soil."
2026-02-19,"Salute every lamppost, before logic wakes up."
2026-02-20,"Offer tea to your doubts, because laughter lubricates gears of fate."
2026-02-21,"Blink twice at the moon, so your worries forget directions."
2026-02-22,"Blink twice at the moon, and gravity will applaud."
2026-02-23,"Sip wisdom from puddles, until nonsense feels like truth."
2026-02-24,"Whistle at your shadow, so calm can find a chair."
2026-02-25,"Plant dreams in teacups, for wisdom hides in the echoes."
2026-02-26,"Balance a spoon on destiny, until nonsense feels like truth."
2026-02-27,"Offer tea to your doubts, for wisdom hides in the echoes."
2026-02-28,"Trade worries for marbles, before logic wakes up."
2026-03-01,"Juggle invisible pancakes, and the night owl marks attendance."
2026-03-02,"Hug a thought then let go, for the universe loves improv."
2026-03-03,"Hug a thought then let go, so tomorrow fits better."
2026-03-04,"Polish yesterday's mistakes, because questions taste better than answers."
2026-03-05,"Offer tea to your doubts, and the night owl marks attendance."
2026-03-06,"Compliment a pigeon loudly, for the universe loves improv."
2026-03-07,"Offer tea to your doubts, until ordinary looks magical."
2026-03-08,"Juggle invisible pancakes, before logic wakes up."
2026-03-09,"Blink at worries till they blush, for the universe loves improv."
2026-03-10,"Keep a spoonful of thunder, for wisdom hides in the echoes."
2026-03-11,"Sketch plans on fog, and the night owl marks attendance."
2026-03-12,"Juggle invisible pancakes, so tomorrow fits better."
2026-03-13,"Compliment a pigeon loudly, before the kettle forgets to sing."
2026-03-14,"Tap dance on silence, so tomorrow fits better."
2026-03-15,"Tap dance on silence, for wisdom hides in the echoes."
2026-03-16,"Compliment a pigeon loudly, until ordinary looks magical."
2026-03-17,"Blink at worries till they blush, until nonsense feels like truth."
2026-03-18,"Whistle at your shadow, for patience grows in odd soil."
2026-03-19,"Wear socks on your ears, for the universe loves improv."
2026-03-20,"Offer tea to your doubts, — balance teaches by wobbling."
2026-03-21,"Keep a spoonful of thunder, so your worries forget directions."
2026-03-22,"Plant dreams in teacups, so your worries forget directions."
2026-03-23,"Balance a spoon on destiny, and the night owl marks attendance."
2026-03-24,"Hug a thought then let go, until ordinary looks magical."
2026-03-25,"Whistle at your shadow, so your worries forget directions."
2026-03-26,"Polish yesterday's mistakes, and the night owl marks attendance."
2026-03-27,"Hug a thought then let go, so your worries forget directions."
2026-03-28,"Plant dreams in teacups, because small steps spoil the staircase."
2026-03-29,"Sketch plans on fog, for chaos is a good dance partner."
2026-03-30,"Count clouds backwards, until nonsense feels like truth."
2026-03-31,"Sip wisdom from puddles, before logic wakes up."
2026-04-01,"Sip wisdom from puddles, until ordinary looks magical."
2026-04-02,"Wear socks on your ears, so calm can find a chair."
2026-04-03,"Trade worries for marbles, because questions taste better than answers."
2026-04-04,"Store courage in pockets, before the kettle forgets to sing."
2026-04-05,"Tap dance on silence, and the night owl marks attendance."
2026-04-06,"Juggle invisible pancakes, for wisdom hides in the echoes."
2026-04-07,"Offer tea to your doubts, and gravity will applaud."
2026-04-08,"Juggle invisible pancakes, before the kettle forgets to sing."
2026-04-09,"Store courage in pockets, because laughter lubricates gears of fate."
2026-04-10,"Keep a spoonful of thunder, until silence nods approvingly."
2026-04-11,"Blink at worries till they blush, and the night owl marks attendance."
2026-04-12,"Blink at worries till they blush, so tomorrow fits better."
2026-04-13,"Polish yesterday's mistakes, so your worries forget directions."
2026-04-14,"Tap dance on silence, and luck might wink back."
2026-04-15,"Offer tea to your doubts, because questions taste better than answers."
2026-04-16,"Balance a spoon on destiny, because small steps spoil the staircase."
2026-04-17,"Balance a spoon on destiny, so tomorrow fits better."
2026-04-18,"Salute every lamppost, — balance teaches by wobbling."
2026-04-19,"Blink at worries till they blush, and gravity will applaud."
2026-04-20,"Blink twice at the moon, until nonsense feels like truth."
2026-04-21,"Balance a spoon on destiny, so calm can find a chair."
